Description,URL
"Peoples drug store, the number one deep web drug vendor. Buy drugs with Bitcoin",4p6i33oqj6wgvzgzczyqlueav3tz456rdu632xzyxbnhq4gpsriirtqd.onion
Work drug BookmarkMan drugs Work Courier Driver drug Warehouse drugs Chemist work.,xf2gry25d3tyxkiu2xlvczd3q7jl6yyhtpodevjugnxia2u665asozad.onion
No description provided,drugszus4tg3ompbp7lpnnbkjfzctmfjhornjnmr5csi5vkvhqyznwqd.onion
 Colombian and Peruvian drug gangs identified in Brazil,a23rgic2xnonclta3u56xcrxz4uxaixt2xsnsxrkcj6n4zlvtpzyf2yd.onion
 Madness-Inducing Drug - LSD Pt. 1,65e7rpzocon2sarx5jf4rgguljps5ckit3z3n5vt6u6h43zatirah6yd.onion
Safely contact Drug Vendor using our secured Public PGP Key to ensure all transactions are discreet. Safely contact Drug Vendor today.,7png6ibsppexw3cf7pz3a6odowb2ts3dyv4rgpvdpw3az4jwki43vyqd.onion
 Colombian drug lord El Boliqueso arrested and extradited to US,ud2um2d2kzj6ibxpwh3amg6qd3pkxzf6nuufbui7g34ejiw3srwgi3qd.onion
"Buy GHB Online, ghb drug for sleeping, ghb drug for sale, ghb drug buy, ghb price canada. Express Shipping and Same day Tracking",w57q2xvwgy6mu23pg5evqepaoda5bfxwnt2iddh4iais324xuaphlead.onion
"Drugs Store - buy Ecstasy, Cocaine, LSD, Meth.",xpbmyoidlvvhrpuqrk7jrsxcle7jtcxgchceczjtxgix6fjjbzquwmad.onion
Rolls Royce Heroin is widely used in parties as a potent drug. You can just imagine the powerful effect of this drug by its name..,6ex7nyczra2yugimy372i5qog7ydwrkvbfzniecx2urlhsi45o6qxyad.onion
Ketamine Lab tested ketaminesketamines drugketamines drug classketamines for depression costketamines drug doseketamines for painketamines for depression,4t4ki52bkw46s6zfxnnlcnzrqjv4zdp5kwmqeqtouwbixuxp5kfcxyad.onion
"4-cdc research chemical 4-CDC, is a stimulant drug categorized under the cathinone class. This type of drug features a phenethylamine core with an alkyl gro",dp6nmfledq2a4gopapefancd2useyf4defb5rqnvnpcge6fp6zwhjoid.onion
"drug discussions, reviews",g5xczmgienphcvqum4wnghopw5pher3zhvagea7nwft2w7db3oa72jqd.onion
"Drug Market, Marketplace, Drugs, Cannabis, Cocaine, Weed, Hash, Kush, Ecstasy, XTC, Mdma, Methadone, Heroin , Opium , Cocaine, Amphetamine",n3ufik5kfseg3vagyk6e2kq5d4d4tpm5axec5eu5daqjrpgw33rphlid.onion
"Ec stack 30 monsterlab steroids often compared ephedrine to Clenbuterol its fine as long as you realize that they act in different ways, eph action drug",zvvoirbqgjrlukd65wyyvcb4ua2wmase3iu5r5m4hxanqmg6or3sfqad.onion
"Heroin is an opioid drug made from morphine, buy heroin drug online. A natural substance taken from the seed pod of the various opium poppy plants grown in Southeast and Southwest Asia, Mexico, and Colombia.",muwgjdckwwmhyi7lj73dspumrxmzuzjvujmtmyrhhbjrgswcakobtfad.onion
List of drug products being sold in the market,zkpckszxe37pnv3eyxxzmqgm3ftllmizzr3fdx7b6rxsbvt3rn2rzwid.onion
"Buy a-pvp crystals online, buy a-pvp online, buy flakka online, buy alpha pvp online, buy flakka drug online, buy zombie drug online. Cheap and trusted supplier",fc3ryhftqfgwyroq7pt63f7jif4jknfrmd3pbdwm4sz3myelf4wfz7qd.onion
"Buy Oxycodone - is an opioid medication used for treatment of moderate to severe pain, and a common drug of abuse.",jv2bfzq363esd4m4tpkk47gqbqqv2j6rp7i5blna6hl3zexummamssqd.onion
"Drugs Store - buy Ecstasy, Cocaine, LSD, Meth. Best drug shop - buy Cocaine, Ecstasy, LSD, Meth, cheap cannabis, buy marijuana, hashish, kush, Seeds Cannabis",r3q6nxpmfdxhzz3oumaseyfr5qujvg4cayzvj2ygy6rfskz4bbhugnyd.onion
"Bitpharma - Cocaine for Bitcoins, Psychedelics for Bitcoins, Prescriptions for Bitcoins, Viagra for Bitcoins",4p6i33mixqpyksqh24ihlneto2gz3ekzc2xwytqz3vwtmhmhpenairqd.onion
"Labs On this page you can find some labs and drug test results. Want to know the exact breakdown of what’s in your goodies? Then this is the resource for you. If you’re buying bulk, or planning to resell please especially take the time to get a lab test done so you don’t go accidentally killing s...",2dvnxbhh4dqkmdexrcqj2x6wjvoa2j5yx4n5cqhv4dkhyuzgkuk76lyd.onion
"The drug combination fenfluramine/phentermine, usually called fen-phen, was an anti-obesity treatment that utilized two anorectics.",5xtktk7q63l533qiiupxc5nvnivzzn4mvonwaajl6vdp5p7bjatkcbad.onion
"Crack Cocaine . Crack cocaine is an addictive stimulant drug that is the rock crystal form of powdered cocaine, Crack cocaine online for sale cheap .",revsmv6y27pn2drt63gtw7zwxtgnxpmlo6osidmpafub6hbslwmfgxqd.onion
COCAINE SHOP. Cocaine is a powerfully addictive stimulant drug made from the leaves of the coca plant native to South America.,y4og3xqeiydfwssdkcj6exjjwsn3vuanjl22yy325epo73ls4hgjnbid.onion
Amadrugs is among the best darknet markets. He places importance on the safety of both the seller and the buyer. 100% Verified Website Providers.,y4yn2x5tnf3mxbh6m46siw4g56uqh6ya7l2xvnkdiw7sp3vnxyib6kyd.onion
"The Best Place to Buy/Get the Purest Quality Fenethylline Powder 99.8%, Buy Captagon Online | The Jihadists' Drug Securely with Credit Card to Buy BTC",blackgjlz4hzr7uzlvpgmbef7nmujdl4gy4ae4hjus5lghadz4e7hryd.onion
Crack cocaine or Crack is a powerfully addictive stimulant drug made from the leaves of the coca plant native to South America.,es.deepweb4wt3m4dhutpxpe7d7wxdftfdf4hhag4sizgon6th5lcefloid.onion
"It’s a darknet drug site that ships from Germany. The primary products include XTC pills, hash, meth, MDMA and a lot more. The site looks very basic and hence…",bbzzzsvqcrqtki6umym6itiixfhni37ybtt7mkbjyxn2pgllzxf2qgyd.onion
"BANK LOG CASHOUT With this COVID virus going around, I know that money may have slowed up for a lot of you. Especially if you are a drug",en.deepweb4wt3m4dhutpxpe7d7wxdftfdf4hhag4sizgon6th5lcefloid.onion
"I was always curious about all that bad guys (criminals, drug dealers, hitman’s, thief’s etc.) using not very good and secure communication channels. Forgetting about whole OPSEC stuff.  There is a lo",5znbzx2xcymhddzekfjib3isgqq4ilcyxa2bsq6vqmnvbtgu4f776lqd.onion
"Buy MDMA crystals which is a stimulant drug with euphoric and mildly hallucinogenic properties. Please make sure you find information about MDMA dosage, effects and tips to stay safe.",ugpxwhteqytig7dv66mgxjxp3axp3cdlwe2cdetmucfu7pxfda3wuvqd.onion
"Buy LSD Powder Online – LSD Powder For Sale - Lysergic acid diethylamide (LSD), also known as acid, is a hallucinogenic drug.",xo4wjdhilk444a6nrsm24vhitiiycaycsj7nd7s3wut5x4idwjqfhsqd.onion
"Psychedelics are a hallucinogenic class of psychoactive drug whose primary action is to trigger psychedelic experiences via serotonin receptor agonism, causing specific psychological, visual and auditory changes, and altered state of consciousness. Major psychedelic drugs include mescaline, LSD, ...",gaklwru23azbl753erocd63e7ez3vzgvv2l6vwvcsztldle5qvsxkoid.onion
"Fruitquay- Buy Weed, Hash, Cocaine, MDMA with from the netherlands with Monero - your deep web weed source",rxwsalet5kapmpvemyipydmlpgzrd2k7i7isuxvjrlezcyvgkeuhqqyd.onion
"Flubromazolam is a psychoactive drug of the benzodiazepine class with very long 18 hour duration. Great alternative to Valium. Contains: Flubromazolam-8-bromo-6-(2-fluorophenyl)-1-methyl-4H-[1,2,4]triazolo[4,3-a][1,4]benzodiazepine. 5 pills per pack ",epato7h7ttmbxmyhwnr5dmufaskkuvwuasdhia3haqg3526fftg2jbad.onion
"Vendor: @quimic2 Generic Name: Morphine Strength: 60mg USA: 6 to 24 hours Canada: 1 to 2 days Worldwide: 3 to 5 days Drug Approved By FDA NO PRESCRIPTION, NO STRESS Minimum order quantity: 50",fr.deepweb4wt3m4dhutpxpe7d7wxdftfdf4hhag4sizgon6th5lcefloid.onion
"iPhone 11, 11 Pro, 11R and 11 Max",6pg2fmbf6fcl4stkhcpno5alcm2andvdryg43ccbcwjd2ivkqohmh7ad.onion
"Best Quality Pills. Private and simple orders! Drug shop, lowest prices.. Personal approach! Money back guarantee!. Best place to buy Adderall online.",de.deepweb4wt3m4dhutpxpe7d7wxdftfdf4hhag4sizgon6th5lcefloid.onion
"From illegal online drug stores like Silk Road to DDoS botnet command and control headquarters, media attention has long painted “the Dark Web” as though nothing good can come of it. But learn just a little bit more about how Tor and “hidden services” work and you’ll find a treasure trove of valu...",gaklwru23b5xyphfpclyputhheudrcxfjac3cusn6kavsy46a7mqlzid.onion
"Purity: 99% S-Isomer Ketamine Smell: Sweet Structure: Crystal powder Color: White, snow-white Quantity: 1Kg - 3Kg - 5Kg Effects: pain relief, internal hallucinations, conceptual thinking, euphoria, and dissociation Ketamine is the ultimate trip drug, it make you feel euphoric and will cause great...",helsi7sd2hujfn2lomgtm5smuh3tvsqfteslupvadcfekhfcn3upq6qd.onion
"Fentanyl Pills - 100 caps An opioid used as an analgesic and along with alternative medications for anesthesia. Fentanyl is also used as a recreational drug, often mixed with opiates or cocaine. it's a quick start and its effects usually don't last up to 2 hours. Medically, fentanyl is used by in...",faho762vsmpwa6yhwp46ddl2vlb6u64a2cbae2fd3rha2ed7dzuubmyd.onion
Product description: Hard pressed XTC pills containing 300mg of 88% pure MDMA. These pills are pressed with Heineken flavor added to it. Lab results: The lab tests revealed that these pills contain 300mg of MDMA. The MDMA used in these pills is tested at 88% purity. No other substances or adulter...,oapeqkzgpudsw4muim74uigvujw55smvhkd2ob3t6ljzhgqmx72itcad.onion
Buy Seeds Cannabis! Seeds Kush Ruderalis Indica Purple Bud Feminized White Widow Automatic Super Skunk Early Skunk Feminized Double Gum Feminized Mix Northern Lights Mexican Sativa Master Kush Feminized Shiva Shanti. Sale best drug!,drugser67smllybwmwstwwoyzjhropf3yrd7pazk7hdmb3bq2mtppxqd.onion
"Best Place to Buy Actavis Promethazine Cough Syrup Online Verified Onion also escrow and delivery guaranteed,",moyorfugdelhxl4vsuunpxi4b4shvoy2utd6q2f5dkrwjcs6ybmikfid.onion
The Hidden Wiki,blackjiok73bo33yzwdnwswgjur6lfpivltnottbtvt5weuu27hqk6id.onion
"The Hidden Market, is one of the most known Marketplace with over 10.000 Products and over 2000 sellers who provides products like : Drugs (Weed, Cocaine, MDMA, LSD, XTC, 2CB, Heroin, Ketamine, Pills, Xanax, Oxycodone Etc..), Civil Softwares, Tutoials, Database, Digitals, Network Services, Fake d...",forummak3sq3bfagvba3vzlumtpdwvkx3f4hbxtvbo2xcojtayqyntyd.onion
Buy Clonazepam/Ritrovil Online (TELEGRAM @propharmasea),xqpobeg7zh4fuvbby7lzmfbggp7cp5nin4vakbxviiez2ynsd7bi2hyd.onion
"11412 organizations for *.gov. New era of Intelligence. Relations, contacts and documents about affiliated organizations.",blackhd6zv4jlcnmpf3rashpecisyxstj6tzt3ylav5xjgpdu2gwd6qd.onion
The Original Hidden Wiki,blackypezbmbgvmml4vllavvdvjjh6dkuth7ngnj2qx3x56xl6eaq7qd.onion
"Being a value-driven company, we make sure our customers don’t have to deal with substandard products. We are passionate about delivering superior quality drugs and arms we sell to our customers.    Telegram : @guuddeal",envoyyvazgz2wbkq65md7dcqsgmujmgksowhx2446yep7tgnpfvlxbqd.onion
"KG Pusher connects the chain of the country's kingpins to their resellers and end-users. With a 100% successful delivery ratio of many kilograms per shipment, KG Pusher simply delivers their customer's requirements throughout almost all the countries of the European Union.",deepshots6pk6bomtjmmn2nipngjweoqrhippiqxr2s4nsu56v47vcid.onion
"Buy White powder heroin online, we have White powder heroin for sale. Order White powder heroin online from DDD Vendors safe, get a discount.",k3fszf3oymgj3rimnmn35tqytheldnrtageuswirdi6hj5sozj4fhmad.onion
Buy Green Xanax Online from AgoraDrugstore.net shop with fast delivery in any city of the world! Buy Green Xanax Online at the best price here!,deepah3oo4ym5x4ak2uow7cijmsdshcmamm5pkx2mndbjr5bi4irsxqd.onion
★★★SALE!!! HQ Straight From The Labz,onnii6niq53gv3rvjpi7z5axkasurk2x5w5lwliep4qyeb2azagxn4qd.onion
Buy Volkswagen Cocaine Online | Where to order Volkswagen Cocaine - At Cocaine Genius we guarantee 100 % Delivery of what your purchaced.,torsbsjcwoe22pwza5kvhl3by7t5tbxnnksprog2so32pcq7wuf6dlyd.onion
Buy green grenade pill (MDMA) from Darknet safely. We offer risk-free service to purchase drugs from Deepweb.,qimawahri4a6bgrvaczbt2estauiurftnvoouylbsn3ciihzk6xuu5qd.onion
"BUY EXCELLENT GOODS AND SERVICES Carding and Drugs FROM GUARANTEED SUPPLIERS IN THE WORLD’S ONLINE 24/7 SHOP ! TOP QUALITY, CHEAP PRICES AND FREE DELIVERY ON MANY PRODUCTS!",drugsxeuauw4xt6eoqwztfkpa2ul5453q4ao4kqrtedhfoy6jmui5ryd.onion
"DarkBat, is one of the most known Marketplaces with over 5.000 Products and over 1000 sellers",z3m3kqps67se3gpzm32ghlmqt7f3icfz6qfhclxzg3uozvjvm6adj2qd.onion
"TorShops - buy and sell drugs, guns, counterfeits, fake ids, fake passports for bitcoin - great silk road alternative - get your .onion store today",deep6xcucd2o3ubqmuhwxiq37yw3fkroiwt74icyindute5znr2zpuad.onion
Recent posts - Page 2,hacksinztslhgdka6vrm3vu2cf23unirxuqbtktp7raotphdmq3zkwid.onion
"C J Research Chemicals Store, the Best Place to Buy 2-Fluoromethamphetamine Purest Quality, Buy 2-FMA Online Safely Overnight Use Credit Card to Buy BTC",pcs2kltdiaroszm35xsue6ahs2niufwuhkmtdy6k3dw5pe62grqtw6yd.onion
"Local Delivery in Europe, Canada, US and Asia. Email: drugsuniverse@dnmx.org  Note: Don't ask for pictures, proofs, we deliver international, you can order minimum amount if you want sample. Please don't waste time asking stupid questions.",darkfsegg3y6dbhdqxcibsktj2psdj3nf7iriti3obovbbiugry45yid.onion
"Party Heaven - Hashish, Ecstasy, MDMA, ketamine, DMT, LSD, heroin, crack, cocaine, GHB, meth, Xanax, weed, pot, ganja...",blackrklbhwiowu7qdvst5xt4xtzjfynslmnyznntep4vmjudr5l2wid.onion
"Kamagra4Bitcoin - Buy Kamagra (Viagra Generika) for Bitcoin, cheap prices, shipping from the UK.",tzvwnyhslacy2mwrc7mlt52zd7mxldwdz6kmqoa3st2fm7ahtgaljmyd.onion
Buy Cocaine Online United Kingdom | Order Cocaine for Sale online in France | Where to Buy Cocaine - Ship Cocaine to all States in USA - Canada - Europe - Asia - Australia,bpynhpfpdydv6axdm2xeu6y6cbzed73aztxdjyq5gygblzt6v2zjegid.onion
Hidden Wiki - The Best Links of DarkNet,tors3boht643snffavpqjkkzj3bukl5h3bgnm7rmvks4gjetxauyabqd.onion
"How to buy cannabis, weed, marijuana online safely from darknet. Order weed online in UK, USA, EUROPE, CANADA from any country. Pills and research chemicals Online.  Telegram: @houseofdocuments  Order weed UK, EU and Weed in Europe – Buy Cannabis Online Uk Order weed UK, EU and USA, dank vapes fo...",7ak56lsojdzgpm2yhhlztk72tncz46hpvrndrsezpuusfecxz4ghkdid.onion
"Heroin For Sale. We have been selling Top Quality Cocaine for over 20 years plus and just got digital on it. Types; Black tar, White, Brown & Asian Heroin.",nvmm5a6ky3maz5g5b5ufbrfr3u7dhibukrleavl5ipxninpugjdvc2yd.onion
"TorLinks, better than The Hidden Wiki, find all .onion links and sites in one place. Your Onionland Tor linklist. Deep Web Darknet Hidden Service link and url directory.",tors3xwsaiop4ws6x7zzktrba2osgzihmdsm2dammdcjnh6m6u2xpjqd.onion
"At Turkeys, you can hire a hacker to execute any hacking service you wish, however, it must respect our Code of Ethics.",7yil2sebwbd4yfmqmp6w6zuingaylqnl4jqgyou575fdldr7fz7xuiad.onion
Users can expose IP of Tor domains using WordPress XMLRPC ping function. This technique is used by law enforcement to track down illegal activities on the dark.,7bw24ll47y7aohhkrfdq2wydg3zvuecvjo63muycjzlbaqlihuogqvyd.onion
drugs,bitphards4ayjjotcisqggok57wllh7xsva5qhks7zxlj2jmxax47wyd.onion
"Telegram..@houseofdocuments to Buy mephedrone 4mmc online, Buy MDPV online, Buy MDMA Crystals Online, Buy Ethylone Crystal Online, Buy 3 - MMC online, Buy 4 - MEC Online, Buy A - PVP Online, Buy Methedrone Online, Buy Methylone (bk - MDMA) Online, Buy ST - 135 online, Buy Etazene online, Buy 5F -...",biblemeowimkh3utujmhm6oh2oeb3ubjw2lpgeq3lahrfr2l6ev6zgyd.onion
Buy poisons that cause natural causes of death. I make poisons not detectable by forensic examination (forensic medical examination) to order.,yy3hv2dbcqqkpovxtum4erjkh33e5igsqguspa7cqxeix46afmib2mad.onion
"Clean and potent Ketamine S+ isomer. No other substances are added. Due to the high potency of the ketamine, the user will experience it as a clean & pure Ketamine high. This is very strong please take care when taking. Each batch of goods is tested in the laboratory for…",guzjgkpodzshso2nohspxijzk5jgoaxzqioa7vzy6qdmwpz3hq4mwfid.onion
Buy Flakka A-pvp online | buy research chemicals online flakka without prescription with high security Buy Flakka A-pvp online,5agip6vfsp2ogg4cobsxqtwg7iwndcvtnimmtvxteyi2ouk7dyjgb5yd.onion
Dark web Links 2021 Here You will find Dark web Links Dark and Deep web working websites list of 2021. Deep and dark web sites list free of cost we will,pmziq4lpefwsiscbj26nihg56v5g7ouieyvapk3oke37isluuszc5tqd.onion
War on Psychedelics: Magic Mushrooms and the Catholic Church,72rw7g4te4xr75lahtnhehga7msy6kfpyobhiv4qrlna6fq7nnguhcyd.onion
"Buy guns for Bitcoin with top guns,TOP GUN MARKET - Guns Arms Ammo Drugs documents fake money for Bitcoin - Supplier since 2001 best deep web arms dealer. Buy guns without a permit Choose right now what do you need, we are shipping worldwide and guarantee the successful shipping of all our physic...",3mwmxqepgfby5p6fcgrtzdmkhtfd6j7atm2te6rq6cgjwz52y2eb6nad.onion
"Buy drugs, anxiety ,pain killers ,psychedelics, cancer med, cocaine, heroine, LSD, viagra, covid vaccine,Research Chemicals, insomnia pills",jfa7nagwnx5lbbncwac6plqatsyxjczcvf5kupm64zqtualkxhutebad.onion
Best Places to Pass Off Counterfeit Money,hztsln4fi3udznlinmxnbwdey6lbehn4sinqa6ltbu4crxgqnlzdqoid.onion
Best peruvian cocaine on the market email:callaoport@dnmx.org telegram=callaoport,voekoswl3b5fliabuwcci6qguzyw76zdzk5wpw7k2urzwgerfahyzpqd.onion
Buy Demerol online without prescription - cheap at Leadway Chems overnight discrete shipping next day delivery at your door step,v2nkpah5ctjvp4ywdq7x3iaj5woapkdjnefpsg5nity4jp4uueovbsad.onion
"Set and setting describes the physical, mental, social and environmental context than an individual brings into a psychedelic experience. The phrase is credited to Timothy Leary, who popularized psychedelic use in the 1960's.[1]",zwtft4vrsbk7danrfj4qa5hpqefvsxrstbpj6kksp52hpyxynj4z4vqd.onion
"Hidden Wiki : Find the latest en most trusted Onion links. In here you will find the best DarkNet markets , search engines , email providers ",reycdxyc24gf7jrnwutzdn3smmweizedy7uojsa7ols6sflwu25ijoyd.onion
Non English lang links Onion Dir Tor,ymgvlgtsbhjqtnx5fnkqas5i33rhvtcupqvqxhsg54wlyuztg5th2iad.onion
Drugs Store,torchs64fx2yit6evmkrqelfddowhk2jpkhzlu7u5fk5n4wmayd3qnyd.onion
"At Duckers, you can hire a hacker to execute any hacking service you wish, however, it must respect our Code of Ethics.",hmlr5jpx7qmuqty4yzkk3lnqdz764nxhmpvft2f6ezrizacrlwv7dbad.onion
Hire a hacker online. If you need hacking anything online from pc to phones we are the best guys you can ever find online.,sab3qsruljgngr5odtx72c3orlme6rluso7wkkqwvzf3cptapsu5yiqd.onion
"The Evidence of Coconut Oil’s Superiority Over Drugs in Destroying Pathogens Continues to be Published in Peer-Reviewed JournalsThe U.S. Government's official position on coconut oil today continues to be that it is dangerous for your health, and that you should either avoid it altogether, or onl...",22222253ebafysmwyrl4uxfcs2xm6k7zb4xyse2csne73atvxu53gfad.onion
The Best Deep Web Links in one Place,k52xtnb3meemwrjajb2c43fzja3xuntgouswv2ufgex25n4vmhhqizyd.onion
"Darknet market for drugs, tutorials and digital goods. Weed,Psychedelics,Opiods,Benzos,Ecstasy etc.",s6osit3wiqvmo7ikya4vlv2q2pomf5zkyinhqty4tydxl24wg2pfqnad.onion
Dark Internet News & Info.,amazonalixuydfexvh4w5xifzk74pupijdaqtgfiv24rvmnlhkdfixqd.onion
"TorPeek: Your gateway to the Deep Web. Explore the Hidden Wiki, and trusted resources on the Tor network",zuauw53dukqdmll5p3fld26ns2gepcyfmbofobjczdni6ecmkoitnfid.onion
"German Uncut Cocaine, HQ fast shipping and safe. Paraffine shipping method.",acva7mfu6busthnqeh5lsklra2lavc6twyevswjwx4kzuuqjexqu7eyd.onion
"Sinaloa Cartel provides you with affordable high quality assault services, drugs and guns at the lowest prices possible. Fully anonymous, no customer description, hide your Ip. ",z2yssw3ztpvhkaw3tgh5o7ysym536shp4kijpudnvclcsw5ragrh2bad.onion
"Authentic and well grounded firearms and drugs marketplace  Specify in fireams, coke, mdma,weed, counterfeit bills, and cloned credit cards  We don't settle for less than perfection neither should you. (TELEGRAM @maoyvi)",lpiyu33yusoalp5kh3f4hak2so2sjjvjw5ykyvu2dulzosgvuffq6sad.onion
Email: trustedlinks@tutanota.com,outlwlkeogfx6st5vurttiteaii4fw4uzvldpwtv4zw5g2kzedmx2rad.onion
- all links from deep web,silkrd62m2byq52nfxtoeuokcbzs6pxn6tg5stkd4qnrsuqeyuhdtbid.onion
Verified Reviews - Colorado Cannabis.,amstermxfb2oc426ugwx7lntx6bxqygtmhmyfziwn3mwute4hy3pmfyd.onion
"Wiki : Sun Bitcoin Answers : The amount is integrated into a Pedersen commitment, allowing all Monero users to confirm the validity of the transaction. Whereas it is impossible for them to verify the exact transaction amount, outputs and inputs can be independently verified to confirm whether the...",qxwzya5yxpwxsyulurg4usktjtbvid7knalvuab3vlpxcv4ncowq42id.onion
"Buy counterfeit money, visa, passport, id cards, driver license, citizenship FREE Shipping Worldwide with express courier Discounts if you order multiple items and for first time order if above 1 BTC.",dr5agq5pvfznhlqid5rpvavgygvd5gmt5h32rklqozkeemn6bj6bjzyd.onion
"The Amazon of Drugs - GHB, meth, weed/pot/ganja, heroin, crack, cocaine, DMT, LSD, Hashish, Ecstasy/MDMA, ketamine, Xanax...Name it - we have it.",536cvtyo7k5362nh6qcbmxdauwwczqtnmilkkcmoaw7rg4zd27sieaqd.onion
"Tor market current url, fair reviews.",cloicvr26gksbmk6o2tzapmeywdpj2znqfr7rdz4qsvagrtyoeh2hjid.onion
"Since my loved one decided to jump into a friend's car to go steal to get the money to buy heroin, no one have heard from him. I know the plan was bad. He is the worst criminal I know and yet it did not gave up on this life. Heroin is one hell of an addiction and the call was too strong for him t...",pmjg6kte7qxmfwk45tgkulz3s6g2q22zxoy4ds3arhqkmgalqhojqkyd.onion
"tor, hidden wiki, wiki, verified vendors, markets, dnm, verified market, verified products, verified services, tordex verified vendors, tordex best marketplace, hidden wiki 2023.",ewdr3mkr7skrpdoacuzr2752vbl3gm3eoxgp7szg5miw4epjirtvmayd.onion
 Mine bitcoin gold windows - With our service blender.io you will be able to conduct completely anonymous transactions without using VPN. Our bitcoin blender mixes your bitcoins anonymously.,5bihyvxmtj3h2acdymztf5zatlsvmwdujw3ioxrlklwfchdrplozadid.onion
 Bitcoin rescan address - With our service blender.io you will be able to conduct completely anonymous transactions without using VPN. Our bitcoin blender mixes your bitcoins anonymously.,cykcionobaon6o6plav4us6jnltrmryzc7rpduwdlsu7r5iqy5m3q4qd.onion
"Search Cloned Card, Credit card, Cards Debit and Buy Credit Cards.",ib62tqf55t7f34ay7fhspcgk2a43pjkwquegwkhcewivratwg2oy3mad.onion
 Bitcoin clean energy - With our service blender.io you will be able to conduct completely anonymous transactions without using VPN. Our bitcoin blender mixes your bitcoins anonymously.,4q5tmz5ztpnxss33i4fhmzijeui7dearznhsdgo7k3juukdxyvvx7byd.onion
Hidden Wiki - We provide Verified and Working Dark Web Links. Explore the Deep Web with our Uncensored Hidden Wiki 2023. Read our Guides on how to stay safe on the Dark Web.,ccp2u4pfl55po4nn67afjk5qjhqslvucmte6s65y7igbumqoyj6g47id.onion
The CozyNet Blog!,xlzop75pi4ibbsfr7lndgqsmasrzkdjs55qr4ddkpmigukei2hwl3pyd.onion
Wiki - Ethereum Transaction Answers - ,okmxdgw2gnihnnf6bpaqbmpr4gxlmxw5lfay2fgus276wnbt3na7gfqd.onion
"Search Cloned visa Card, Credit card, Cards Debit and Buy Credit Cards.",swgoodstau5oxhmlopb5m4ti3vmzeh5fhpdn5spmh36npq76ksgupmad.onion
Welcome to the BunnyMoney Shop! PayPal Transfers PayPal is only an online transfer. We make individual PayPal account to individual PayPal account only. Western Union Transfers. Money Transfers Anywhere in the world where Western Union services are avail,lxgbffibchcvrp7k633uwrjlrrbfnwkysnpw2xcf5vb32oyeczdmnvid.onion
Finest USD/EUR bills on market. Passes all known tests. Random serials. Only top-notch counterfeits.,chattorwozgwecrzzbchyhvxiyomny6jn4ac2njc22ozgwg42bhtupad.onion
CRYPTOMIXER.IO - АНОНИМНЫЙ ЛУЧШИЙ МИКСЕР БИТКОИНОВ - CRYPTO MIXER ,skingykcpkkenvhhlg5vdsitvdoefkbo7frfiv3gscue66ynvuqq7bid.onion
You changed your mind.,jsonnrmphegwinvzyjxdrt2ss7d3mzq6v537i6mhg5ys4qbjww7orcad.onion
Choose Dark Web tells you whether a Tor Hidden Dark Web Link .onion site is scam or not,45yr2c2i5qt7cbk4zi6qguk46vffatrggrk543526oxhbquonqwjxgyd.onion
HTI Website,ejtgtrocvzxwtlp22sq4nlbv6pl2usoorsqf67oxi7urvlkh5f2y2ryd.onion
Onion Link Directory,vzv5vdwgvtl5wx7xb5xpzt2betmklgkaskqg7drvj4bdfwawpg554dad.onion
"Choose right now what do you need, we are shipping worldwide and guarantee the successful shipping of all our physical good.",s6b2ebb5zpd6xs3q7ghihc6u4vgaqeeaece7ugckd2q5itxnr43hhqyd.onion
"  Buy UK Drivers License, Buy fake UK drivers license Real Driver's License Online, Buy Documents Online, Telegram... @genuinedocumentscenter9",2jwcnprqbugvyi6ok2h2h7u26qc6j5wxm7feh3znlh2qu3h6hjld4kyd.onion
"The Internet Killers marketplace on dark web, the only reliable hitmen for hire websie.",5wvugn3zqfbianszhldcqz2u7ulj3xex6i3ha3c5znpgdcnqzn24nnid.onion
"Buy drugs, anxiety ,pain killers,psychedelics,oxycontin,Nembutal,adderall,Ritalin, tramadol,kentamin ,buy morphine, by cocaine, LSD,Heroine",bj5hp4onm4tvpdb5rzf4zsbwoons67jnastvuxefe4s3v7kupjhgh6qd.onion
Find NON-KYC exchanges and services to use and spend your crypto anonymously.,4jr6alvxukvhjgfoqn2qyphtwqxqf4nqan4wnfbwkpf6ng6swku6cqyd.onion
Best peruvian cocaine on the market email:realtorseller@keemail.me wickr:satangroup,paavlaytlfsqyvkg3yqj7hflfg5jw2jdg2fgkza5ruf6lplwseeqtvyd.onion
counterfeit money visa passport id cards driver license citizenship,p7jc3vj7bbh6fz6zfdlodekerqab5tra75aqszrnl4mz4l3xbr2bjlqd.onion
"links onions atualizados, e de outras redes também",mipx6eedtsvfgfcmbm3utjedgjez2w4dzjdrbhtd2mt3cicwhhzspxqd.onion
Monero (XMR) is one of the leading privacy-oriented cryptocurrencies and the most popular anonymous currency. Why is Monero so secure? Read on.,jgwe5cjqdbyvudjqskaajbfibfewew4pndx52dye7ug3mt3jimmktkid.onion
E-Store - Market is a secure and anonymous marketplace with Multisig Escrow System. Verified by TORCH / TORCH Links / Deep Web Links / Deep web Forum / Hidden Wiki / BEST ESCROW SYSTEM | E-Store - TOP MARKET RANKED,nulzhykidbrkz736qgkzdfnrlvc5yiprp3hiaa7qvqefleosxe3yhoyd.onion
Terms of Use for Bitcoin Mixer,yj54cqljnumf7r4mxt4bjfsobvcb7ekzgtpcgtwhldyd4gya4xfuzbyd.onion
Avoid scams when hiring a hitman. How to pay and how to check if the killer has been reported as a scam by other customers.,relateoak2hkvdty6ldp7x67hys7pzaeax3hwhidbqkjzva3223jpxqd.onion
ChemicalDrugs - Best Shop,ve3f3cadfqpx56uxs4aypansdhv6yeqxf5rb5i6yzq474vvvdgmpfwyd.onion
Our shop carries the best Cannabis in dark web - available with stealth shipping guaranteed! RECLAIM YOU FREE SAMPLE IN SMOKERSCO!,qrtitjevs5nxq6jvrnrjyz5dasi3nbzx24mzmfxnuk2dnzhpphcmgoyd.onion
Search tor DarkNet Markets ,hiddenkulkbk6yv5z4p2pkljrduwflvj6b7mga2jktgjcarfrlyc2syd.onion
We will help you to avoid scams and find what you need.,gwqn3g5g3oro6szctvvke4gtkuzguyi4sxbje5poeaj2p4rxuuq2cyyd.onion
Darktrain Express is a trusted and safe darknet index.,docuy2acomn6bilcx2qm4gvc4l6s2q5vtyyg6m2uxv64jm4fo6gb7zid.onion
"WikiBTC : 1 Monero Answers : How many transactions can the bitcoin network process per second? Seven.2﻿ Transactions can take several minutes or more to process. As the network of bitcoin users has grown, waiting times have become longer because there are more transactions to process without a ch...",nzdnmfcf2z5pd3vwfyfy3jhwoubv6qnumdglspqhurqnuvr52khatdad.onion
 Billionaire plans to build a cannabis farm on the Isle of Man,oumscmf5fiskfuwds4pqeqjjmgkbg3bj66ufzty3oboblrenue3jlzqd.onion
"We are a server host that cares about your privacy. Easy sign-up, and we accept cryptocurrency such as Litecoin, Monero, Dogecoin, Hive, and Bitcoin for our services.",kgpushekhbp5px3ocindnteahxlntzuvi3an5u43pkq7ibayymeny2yd.onion
Our Terms And Conditions specify how the website may be used. This affects alll HostMeNow users. ,rqokgmtqblq5clle4whlandv4dyoaynkjgfjp4uc473ngjmv5ld44qid.onion
The most up to date scaml list on the dark net.,bz447jhusf4vuoyyqkhhyqkv77l3qtvdy3gpxjbf5ltinbjbhw6r3pad.onion
Defend yourself against tracking and surveillance. Circumvent censorship. | Talk about onions,22222uswoye6ve7ixbgkwlvynjrvsg4od2qrs6zs5pbtprxikimdrfyd.onion
"green xanax bars for sale is fantastically addictive in nature , the dosage is so near that of the buy green xanax and green xanax for sale overnight",3yugyknbuxezuzz5spfiv7vd6by6sdwnnss6rkw3wurultdhlucldiyd.onion
Shiny-Flakes Drogen Shop - Kokain / Meth / MDMA / XTC / LSD / Speed - mit Bitcoins bestellen!.,6nhmgdpnyoljh5uzr5kwlatx2u3diou4ldeommfxjz3wkhalzgjqxzqd.onion
There is a lot of demand for cardable sites all over the world with the carding method.,b77enzt2hh7sziy3hyrywjkuj6f4aqpgdpufati2rgsowcdkgj5xtxid.onion
Kappa Kappa Gamma sorority members join ‘The Ingraham Angle’ to discuss their lawsuit regarding a transgender student in their sorority at the University of Wyoming.  Subscribe to Fox News! https://bit.ly/2vBUvAS Watch more Fox News Video: http://video.foxnews.com Watch Fox News Channel Live: htt...,kgpushevi3nd6if4u7cp5ikdtxdbzmbg2nx7wjm6el2mltlka6u3pdid.onion
Use EscrowLab for buy anything from any seller on Darknet/Clearnet with guarantee and security of your Bitcoin payment. Using EscrowLab you never will be scammed. The processing time of the escrow is from 1 hour to 24 hours. To use our services you must have an account on our site. We strongly re...,ts2mlixmjbaspqmdyzjsw572f625ugdka3jwrbzrnyn6fqjd3nkl4eyd.onion
"Welcome to Created4Health.org, Created in 2005 by Brian Shilhavy Created4Health.org is committed to communicating the truth that we are created by God, in His image, and that His intention for our lives is to live in health. It is part of the Health Impact News network. What a wonderful truth tha...",sphmitudrvsrfyoohen5tevwttgtab5tyg2gi245v5b5gbyfsshqchqd.onion
"Ukraine Informations + News : refugees, war, cyberwar",wob4z7mgkej3lsjmnfhkngckof3gi4bk7ykaiidcxmbafjatsnnnreyd.onion
MegaLinks is the largest darknet onion links list. Add your site for free.,xsglq2kdl72b2wmtn5b2b7lodjmemnmcct37owlz5inrhzvyfdnryqid.onion
"One of God’s own prototypes. A high-powered mutant of some kind never even considered for mass production. Too weird to live, and too rare to die.",s7ms6zzghga6va5vpcmf6676b4wbz6y2rpmn7w7qaiktk4fmfn3s2pad.onion
"List of cardable sites with small security and not vbv in 2022. Most of these sites are non vbv sites, sites with little security, so no need for verificatio...",qz76goz5pdt7isw3wi2xro6ovf5ty2jjqfkut3ez62y6pshsnfy7v5yd.onion
"Get Rich in Cybercrime. Millions of dollars have been stolen by cybercriminal organizations operating on the dark web. For criminals, the d",dhlg5y66e7bncrgeoo2zfl4usg6k64yslapnzkzh7ehk3645fwmmczqd.onion
"CC TO BTC LATEST WORKING METHOD METHOD 2022 BTC carding sites these days are a bit of a hassle, but if you know what to do, it will come easily to you, just follow the steps below:..............",duvlyvpbhwl37a2hisxrr4o2sceq2uygfmhpz3wcidf5xz5yjvxvgjid.onion
"Deepweb market. most secure DNM. escrow service only, accepts bitcoin, monero, dash",d55ypwku3u7fly3qe5md7ybephcabpjluqzqprt7lktkxdm4wy2ai5ad.onion
"Here you can find tor wiki lists, hackers, hack bitcoin wallets, illegal services and many more.",5l4azvzhtzzxybvrotdmdh6q2ot47sdncz4uynexwhey2apaxz7abkid.onion
TOR WiKi : Exchange Cryptocurrency Answers : ,heinwp5f5d2d5btntheqvfqvy4l25sdb5fzagoamgzyfghekehlk3dyd.onion
"What follows is a whirlwind tour of an area of programming usually only whispered of and seldom explored, perhaps for good reason…",heinekiedg3fnlq2a3l3bij3veashlp2i6e7r645io5vcrnizxnwucid.onion
We list all SCAM sites our list of VERIFIED sites where you can shop safely.,ko5enel7ogpruey25y3pcfmobcwrjiwwhyjp3t5nqsuqoytpsjrls2qd.onion
We list all SCAM sites on the Darknet that only steal your money. Don't miss our list of VERIFIED sites where you can shop safely.,mud77k4onglz52nvbsgg6ngmh36gpfkgqm5zdq7qiy3nuotemoygzead.onion
"CryptoWiki : Bitcoin Btc Answers : So far, we’ve learned about the series of steps that have to happen for a transaction to execute from start to finish. Now, we’ll look at how the transaction actually executes within the VM. The part of the protocol that actually handles processing the transacti...",forums.kaizushih5iec2mxohpvbt5uaapqdnbluaasa2cmsrrjtwrbx46cnaid.onion
Проверенные ссылки даркнета,qyevqktmavtw3xg4tfdf425aewjblur3szvevwtqlnflmedrlbwhqzyd.onion
3.000+ Reviews ★★★★★ - The smartest Money on the Deep Web,hufuqkq3abqw6lw63rx5xorv4masykeve22mti6pigczmdrup7dyt4yd.onion
"View on Libreddit, an alternative private front-end to Reddit.",w543gjeq3xm4i3v6d4g77qd223ak2gnpkd7pydjcbckpry3ygjikcmid.onion
An onion website dedicated to listing articles and videos of China's abuse towards other countries,vhlehwexxmbnvecbmsk4ormttdvhlhbnyabai4cithvizzaduf3gmayd.onion
7.000+ Reviews ★★★★★ - The smartest Money on the Deep Web,hleqdmyw2pyya2vpgbo7unsshbl6elgjjcy3xvtkgey72azrd74zovyd.onion
"Buy Real Money the SAFE WAY. Since July of 2019, our team has been active in the field of selling Dollars, Euros, and Pounds. # buy money real money cash money dollar dollars euro euros pound pounds sterling usd eur gbp",waoceduf7c2wci5gdnw2hkb2aiittb5gl53dz35ut4hzd72ucxnvk2qd.onion
Customer Reviews - 3.000+ Reviews ★★★★★ - The easiest Way to get Money on the Deep Web,hiddenr4unabcptgqmdmi7t2n3xcpanjfv6abcksxgcdahigytb5jyyd.onion
"Buy Money the SAFE WAY. Since July of 2019, our team has been active in the field of selling Dollars, Euros, and Pounds.",bepig5bcjdhtlwpgeh3w42hffftcqmg7b77vzu7ponty52kiey5ec4ad.onion
Huge link list of Tor hidden service onions. All the darknet links you need in one place.,doki.anonvzed2xvm2esmjkb37p3geamzlzyslc4j5k3ezhllomqmgj6huhid.onion
